Monah,1,2.73674E-09
Monarch,1,2.73674E-09
Mondars,1,2.73674E-09
Monier,1,2.73674E-09
Moniereth,1,2.73674E-09
Monipong,1,2.73674E-09
Monivann,1,2.73674E-09
Montadar,1,2.73674E-09
Montaro,1,2.73674E-09
Montefiore,1,2.73674E-09
Montepulciano,1,2.73674E-09
Montgomerie,1,2.73674E-09
Montgommery,1,2.73674E-09
Monu@;1,2.73674E-09
Monu@Arun,1,2.73674E-09
Monupal,1,2.73674E-09
Monvids,1,2.73674E-09
Monydeng,1,2.73674E-09
Monyroor,1,2.73674E-09
Moogi,1,2.73674E-09
Mookan,1,2.73674E-09
Moolchul,1,2.73674E-09
Mooldan,1,2.73674E-09
Moqui,1,2.73674E-09
Morakot,1,2.73674E-09
Morhaf,1,2.73674E-09
Morhuf,1,2.73674E-09
Morialta,1,2.73674E-09
Morisson,1,2.73674E-09
Morlie,1,2.73674E-09
Morneer,1,2.73674E-09
Mornorom,1,2.73674E-09
Morodok,1,2.73674E-09
Morrico,1,2.73674E-09
Mortatha,1,2.73674E-09
Mortensen,1,2.73674E-09
Morvan,1,2.73674E-09
Morven,1,2.73674E-09
Mos,1,2.73674E-09
Mosely,1,2.73674E-09
Mosen,1,2.73674E-09
Moshad,1,2.73674E-09
Moshaik,1,2.73674E-09
Moshin,1,2.73674E-09
Mosim,1,2.73674E-09
Motilaal,1,2.73674E-09
Motilal,1,2.73674E-09
Motolal,1,2.73674E-09
Moufid,1,2.73674E-09
Mouhanad,1,2.73674E-09
Moukny,1,2.73674E-09
Mouloud,1,2.73674E-09
Moumin,1,2.73674E-09
Mousin,1,2.73674E-09
Moutaman,1,2.73674E-09
Moxuan,1,2.73674E-09
Moyin,1,2.73674E-09
Mozamil,1,2.73674E-09
Mozey,1,2.73674E-09
Mr.Bhagchand,1,2.73674E-09
Mrinal,1,2.73674E-09
Mrityunjay,1,2.73674E-09
Mroan,1,2.73674E-09
Mrugesh,1,2.73674E-09
Mtende,1,2.73674E-09
Mu,1,2.73674E-09
Mu'Adh,1,2.73674E-09
Muaawiyah,1,2.73674E-09
Muadz,1,2.73674E-09
Muamer,1,2.73674E-09
Muarad,1,2.73674E-09
Muawaz,1,2.73674E-09
Mubariz,1,2.73674E-09
Mudasar,1,2.73674E-09
Mudbir,1,2.73674E-09
Mudit,1,2.73674E-09
Mudiwa,1,2.73674E-09
Mudsir,1,2.73674E-09
Mudssir,1,2.73674E-09
Mugagga,1,2.73674E-09
Muhamet,1,2.73674E-09
Muhammad-Ali,1,2.73674E-09
Muhammet,1,2.73674E-09
Muhammod,1,2.73674E-09
Muheeb,1,2.73674E-09
Muhid,1,2.73674E-09
Muhmad,1,2.73674E-09
Muhsain,1,2.73674E-09
Mujeeb,1,2.73674E-09
Mujibu,1,2.73674E-09
Mujo,1,2.73674E-09
Mukaram,1,2.73674E-09
Mukat,1,2.73674E-09
Mukeemuddin,1,2.73674E-09
Mukhlis,1,2.73674E-09
Mukhtiyar,1,2.73674E-09
Mukilash,1,2.73674E-09
Mukish,1,2.73674E-09
Mukkesh,1,2.73674E-09
Mukram,1,2.73674E-09
Muksndi,1,2.73674E-09
Mukudzeishe,1,2.73674E-09
Mukundisi,1,2.73674E-09
Mula,1,2.73674E-09
Mulley,1,2.73674E-09
Mulokai,1,2.73674E-09
Multan,1,2.73674E-09
Mum,1,2.73674E-09
Mun-Ho,1,2.73674E-09
Mun-Lee,1,2.73674E-09
Munahid,1,2.73674E-09
Munaitya,1,2.73674E-09
Munajir,1,2.73674E-09
Munarra,1,2.73674E-09
Munder,1,2.73674E-09
Mungkaun,1,2.73674E-09
Munish,1,2.73674E-09
Munkad,1,2.73674E-09
Munnakumar,1,2.73674E-09
Munnawar,1,2.73674E-09
Munne,1,2.73674E-09
Munnem,1,2.73674E-09
Munni,1,2.73674E-09
Munnu,1,2.73674E-09
Munpreet,1,2.73674E-09
Munsi,1,2.73674E-09
Muntadher,1,2.73674E-09
Muntahar,1,2.73674E-09
Muntajar,1,2.73674E-09
Muntazar,1,2.73674E-09
Muntazer,1,2.73674E-09
Munthazir,1,2.73674E-09
Muntiyaj,1,2.73674E-09
Muntjar,1,2.73674E-09
Munyaradzi,1,2.73674E-09
Muoch,1,2.73674E-09
Muqarab,1,2.73674E-09
Muqhtar,1,2.73674E-09
Muradvir,1,2.73674E-09
Murdo,1,2.73674E-09
Murillo,1,2.73674E-09
Murtagh,1,2.73674E-09
Murtatha,1,2.73674E-09
Murtaz,1,2.73674E-09
Murteza,1,2.73674E-09
Murthaza,1,2.73674E-09
Mus'Ab,1,2.73674E-09
Muser,1,2.73674E-09
Mushrraf,1,2.73674E-09
Musibat,1,2.73674E-09
Musie,1,2.73674E-09
Muskan,1,2.73674E-09
Muskuran,1,2.73674E-09
Muslehuddeen,1,2.73674E-09
Mustak,1,2.73674E-09
Mustfa,1,2.73674E-09
Mustikeem,1,2.73674E-09
Mustkim,1,2.73674E-09
Mutale,1,2.73674E-09
Muwahid,1,2.73674E-09
Muyasir,1,2.73674E-09
Muyisa,1,2.73674E-09
Muzaffar,1,2.73674E-09
Muzaffer,1,2.73674E-09
Muzamiil,1,2.73674E-09
Muzil,1,2.73674E-09
Muzim,1,2.73674E-09
Muzmil,1,2.73674E-09
Muzzammile,1,2.73674E-09
Myahls,1,2.73674E-09
Mychajlo,1,2.73674E-09
Mychele,1,2.73674E-09
Myden,1,2.73674E-09
Myeong,1,2.73674E-09
Myguel,1,2.73674E-09
Myhal,1,2.73674E-09
Mykjuan,1,2.73674E-09
Mykyjah,1,2.73674E-09
Myongjin,1,2.73674E-09
Myroslaw,1,2.73674E-09
Myrov,1,2.73674E-09
Mytai,1,2.73674E-09
Mytham,1,2.73674E-09
N.;1,2.73674E-09
N'Ky,1,2.73674E-09
Naajim,1,2.73674E-09
Naavi,1,2.73674E-09
Naaz,1,2.73674E-09
Nabal,1,2.73674E-09
Nabav,1,2.73674E-09
Nabel,1,2.73674E-09
Nabi@;1,2.73674E-09
Nabijan,1,2.73674E-09
Naby,1,2.73674E-09
Nada,1,2.73674E-09
Nader-Naim,1,2.73674E-09
Nadhim,1,2.73674E-09
Nadina,1,2.73674E-09
Nadio,1,2.73674E-09
Nadir-Andrew,1,2.73674E-09
Nado,1,2.73674E-09
Nadun,1,2.73674E-09
Nady,1,2.73674E-09
Naef,1,2.73674E-09
Nafe,1,2.73674E-09
Naga,1,2.73674E-09
Nagaji,1,2.73674E-09
Nagappan,1,2.73674E-09
Nagaraju,1,2.73674E-09
Nagendra,1,2.73674E-09
Nagib,1,2.73674E-09
Nahad,1,2.73674E-09
Naham,1,2.73674E-09
Nahasha,1,2.73674E-09
Nahlee,1,2.73674E-09
Naina,1,2.73674E-09
Nairn,1,2.73674E-09
Naisi,1,2.73674E-09
Naitanui,1,2.73674E-09
Naithe,1,2.73674E-09
Naitik@Kanaya,1,2.73674E-09
Naivedh,1,2.73674E-09
Najar,1,2.73674E-09
Najiib,1,2.73674E-09
Najimuddin,1,2.73674E-09
Najis,1,2.73674E-09
Najmuddin,1,2.73674E-09
Najre,1,2.73674E-09
Najrin,1,2.73674E-09
Najubai,1,2.73674E-09
Najy,1,2.73674E-09
Nak,1,2.73674E-09
Nakched,1,2.73674E-09
Nakhulan,1,2.73674E-09
Nalaboitau,1,2.73674E-09
Nalanda,1,2.73674E-09
Naldo,1,2.73674E-09
Nali,1,2.73674E-09
Nam-Hoang,1,2.73674E-09
Nam-Kha,1,2.73674E-09
Namarpaul,1,2.73674E-09
Namra,1,2.73674E-09
Nanagram,1,2.73674E-09
Nandi,1,2.73674E-09
Nandita,1,2.73674E-09
Nandkishore,1,2.73674E-09
Nandor,1,2.73674E-09
Nandram,1,2.73674E-09
Nangyal,1,2.73674E-09
Nanhey,1,2.73674E-09
Nanhu,1,2.73674E-09
Nanka,1,2.73674E-09
Nankid,1,2.73674E-09
Nanku,1,2.73674E-09
Nannu,1,2.73674E-09
Nannu@Jaypal,1,2.73674E-09
Nanqiu,1,2.73674E-09
Nantan,1,2.73674E-09
Nantonicn,1,2.73674E-09
Nanu,1,2.73674E-09
Nappi,1,2.73674E-09
Naran,1,2.73674E-09
Narander,1,2.73674E-09
Narandera,1,2.73674E-09
Narankar,1,2.73674E-09
Narayana-Das,1,2.73674E-09
Narayanan,1,2.73674E-09
Naraydan,1,2.73674E-09
Narbahadur,1,2.73674E-09
Narbir,1,2.73674E-09
Narda,1,2.73674E-09
Nardene,1,2.73674E-09
Nardino,1,2.73674E-09
Nardis,1,2.73674E-09
Narendar,1,2.73674E-09
Narender@Narender,1,2.73674E-09
Narendera,1,2.73674E-09
Nareshpal,1,2.73674E-09
Nareta,1,2.73674E-09
Nargel,1,2.73674E-09
Narhasi,1,2.73674E-09
Naroo,1,2.73674E-09
Narpendra,1,2.73674E-09
Narrah,1,2.73674E-09
Narrong,1,2.73674E-09
Narsa,1,2.73674E-09
Narsingh,1,2.73674E-09
Naru,1,2.73674E-09
Naruram,1,2.73674E-09
Narvey,1,2.73674E-09
Nasanya,1,2.73674E-09
Nascenzio,1,2.73674E-09
Naseef,1,2.73674E-09
Nashat,1,2.73674E-09
Nashim,1,2.73674E-09
Nashimuddin,1,2.73674E-09
Nashley,1,2.73674E-09
Nasraddin,1,2.73674E-09
Nasruddin,1,2.73674E-09
Nasrudeen,1,2.73674E-09
Nasrul,1,2.73674E-09
Nasrullah,1,2.73674E-09
Nassa,1,2.73674E-09
Nassib,1,2.73674E-09
Nassiem,1,2.73674E-09
Nastasios,1,2.73674E-09
Natahn,1,2.73674E-09
Natanaele,1,2.73674E-09
Natari,1,2.73674E-09
Natasua,1,2.73674E-09
Nate-Charlie,1,2.73674E-09
Nate-Jay,1,2.73674E-09
Natee,1,2.73674E-09
Nathaan,1,2.73674E-09
Nathaim,1,2.73674E-09
Nathal,1,2.73674E-09
Nathan-Conway-Barrington,1,2.73674E-09
Nathan-Glenn,1,2.73674E-09
Nathan-Lee-Ashley,1,2.73674E-09
Nathan-Nouri,1,2.73674E-09
Nathan-Taufan,1,2.73674E-09
Nathanael-Frederick,1,2.73674E-09
Nathani,1,2.73674E-09
Nathaniel-James,1,2.73674E-09
Nathannael,1,2.73674E-09
Nathanong,1,2.73674E-09
Nathavong,1,2.73674E-09
Nathdaniel,1,2.73674E-09
Nathelie,1,2.73674E-09
Nather,1,2.73674E-09
Nathulal,1,2.73674E-09
Nattapol,1,2.73674E-09
Natthen,1,2.73674E-09
Naufahu,1,2.73674E-09
Naulakh,1,2.73674E-09
Naulesh,1,2.73674E-09
Naunidh,1,2.73674E-09
Naunihal,1,2.73674E-09
Navaneeth,1,2.73674E-09
Navare,1,2.73674E-09
Navarh,1,2.73674E-09
Navendra,1,2.73674E-09
Navinder,1,2.73674E-09
Navitalai,1,2.73674E-09
Navithu,1,2.73674E-09
Navjeet,1,2.73674E-09
Navjoot,1,2.73674E-09
Navnidh,1,2.73674E-09
Navnit,1,2.73674E-09
Navrin,1,2.73674E-09
Navrinder,1,2.73674E-09
Navroop,1,2.73674E-09
Navroshan,1,2.73674E-09
Navtaj,1,2.73674E-09
Navteg,1,2.73674E-09
Navya,1,2.73674E-09
Nawal,1,2.73674E-09
Nawwaaf,1,2.73674E-09
Nax,1,2.73674E-09
Nayhahn,1,2.73674E-09
Nayjote,1,2.73674E-09
Nayram,1,2.73674E-09
Naysan,1,2.73674E-09
Nazarene,1,2.73674E-09
Nazarin,1,2.73674E-09
Nazib,1,2.73674E-09
Nazif,1,2.73674E-09
Nazirul,1,2.73674E-09
Nazza,1,2.73674E-09
Nazzarenus,1,2.73674E-09
Nduwa,1,2.73674E-09
Neasan,1,2.73674E-09
Necati,1,2.73674E-09
Necip,1,2.73674E-09
Nectario,1,2.73674E-09
Nectarios-Lambis,1,2.73674E-09
Nectarius,1,2.73674E-09
Nector,1,2.73674E-09
Ned-Oliver,1,2.73674E-09
Nedad,1,2.73674E-09
Nedd,1,2.73674E-09
Nedo,1,2.73674E-09
Nedzad,1,2.73674E-09
Neebal,1,2.73674E-09
Neekan,1,2.73674E-09
Neelajan,1,2.73674E-09
Neeland,1,2.73674E-09
Neelav,1,2.73674E-09
Neelix,1,2.73674E-09
Neelkant,1,2.73674E-09
Neeshaz,1,2.73674E-09
Neeshu,1,2.73674E-09
Neeve,1,2.73674E-09
Neeven,1,2.73674E-09
Nehaan,1,2.73674E-09
Neihana,1,2.73674E-09
Neil-Michael-Keith,1,2.73674E-09
Neil-Pablo-Shane,1,2.73674E-09
Neild,1,2.73674E-09
Neissen,1,2.73674E-09
Nej,1,2.73674E-09
Nejad,1,2.73674E-09
Nejan,1,2.73674E-09
Nek,1,2.73674E-09
Neki,1,2.73674E-09
Nekola,1,2.73674E-09
Nekolaos,1,2.73674E-09
Nelbrin,1,2.73674E-09
Nematula,1,2.73674E-09
Nemindu,1,2.73674E-09
Nemitallah,1,2.73674E-09
Nenhe,1,2.73674E-09
Neoclis,1,2.73674E-09
Neofitos,1,2.73674E-09
Neolin,1,2.73674E-09
Neophitos,1,2.73674E-09
Nepia,1,2.73674E-09
Neptune,1,2.73674E-09
Nerbert,1,2.73674E-09
Nerida,1,2.73674E-09
Nerio,1,2.73674E-09
Nesaru,1,2.73674E-09
Nesha,1,2.73674E-09
Neshom,1,2.73674E-09
Nesli,1,2.73674E-09
Nestoras,1,2.73674E-09
Nethal,1,2.73674E-09
Nethan'El,1,2.73674E-09
Nethaneel,1,2.73674E-09
Nethika,1,2.73674E-09
Nethuja,1,2.73674E-09
Nethula,1,2.73674E-09
Nethum,1,2.73674E-09
Netlal,1,2.73674E-09
Neton,1,2.73674E-09
Netrapal,1,2.73674E-09
Neuton,1,2.73674E-09
Nevenko,1,2.73674E-09
Nevett,1,2.73674E-09
Nevile,1,2.73674E-09
Neville-Grant,1,2.73674E-09
Neville-Phillip,1,2.73674E-09
Nevlin,1,2.73674E-09
Nevyl,1,2.73674E-09
Newal,1,2.73674E-09
Nexat,1,2.73674E-09
Neyas,1,2.73674E-09
Neyon-Vabrii,1,2.73674E-09
Neypier,1,2.73674E-09
Nezaar,1,2.73674E-09
Nezan,1,2.73674E-09
Ngakunapulami,1,2.73674E-09
Ngang,1,2.73674E-09
Nganly,1,2.73674E-09
Ngeth,1,2.73674E-09
Ngkita,1,2.73674E-09
Ngoc-Hao,1,2.73674E-09
Ngoc-Khoa,1,2.73674E-09
Ngoc-Kim,1,2.73674E-09
Ngoctuong,1,2.73674E-09
Ngol,1,2.73674E-09
Ngu,1,2.73674E-09
Nguet,1,2.73674E-09
Nguyen-Quan,1,2.73674E-09
Nguyen-Thuan,1,2.73674E-09
Nguyen-Triet,1,2.73674E-09
Nhan-Van,1,2.73674E-09
Nhat-Dan,1,2.73674E-09
Nhat-Tien,1,2.73674E-09
Nhi,1,2.73674E-09
Nhim,1,2.73674E-09
Nhu,1,2.73674E-09
Nhu-Giang,1,2.73674E-09
Nhu-Sa,1,2.73674E-09
Niar,1,2.73674E-09
Nias,1,2.73674E-09
Nibal,1,2.73674E-09
Nical,1,2.73674E-09
Nicholas-James,1,2.73674E-09
Nicholas-Peter,1,2.73674E-09
Nicholas-Scott,1,2.73674E-09
Nicholas-Spiros,1,2.73674E-09
Nicholay,1,2.73674E-09
Nicholuas,1,2.73674E-09
Nichos,1,2.73674E-09
Nichoula,1,2.73674E-09
Nicitas,1,2.73674E-09
Nick-Ashley,1,2.73674E-09
Nickaan,1,2.73674E-09
Nickallis,1,2.73674E-09
Nickolangelo,1,2.73674E-09
Nickolas-George,1,2.73674E-09
Nickolass,1,2.73674E-09
Nicky-Joe,1,2.73674E-09
Nicky-Paul,1,2.73674E-09
Nicola-Cosimo,1,2.73674E-09
Nicolaou,1,2.73674E-09
Nicolas-James,1,2.73674E-09
Nicoleta,1,2.73674E-09
Nicoletta,1,2.73674E-09
Nicolius,1,2.73674E-09
Nidhan,1,2.73674E-09
Nidhi,1,2.73674E-09
Nie,1,2.73674E-09
Nietzsche,1,2.73674E-09
Nife,1,2.73674E-09
Nighmethan,1,2.73674E-09
Nihad,1,2.73674E-09
Nihael,1,2.73674E-09
Nihalchand,1,2.73674E-09
Nihersh,1,2.73674E-09
Nijamudeen,1,2.73674E-09
Nijat,1,2.73674E-09
Nijaz,1,2.73674E-09
Nijkolai,1,2.73674E-09
Nikalaus,1,2.73674E-09
Nikalos,1,2.73674E-09
Nikav,1,2.73674E-09
Nikeel,1,2.73674E-09
Nikhethan,1,2.73674E-09
Nikhith,1,2.73674E-09
Nikhleshwar,1,2.73674E-09
Nikias,1,2.73674E-09
Nikie,1,2.73674E-09
Nikifores,1,2.73674E-09
Nikius,1,2.73674E-09
Nikkoshka,1,2.73674E-09
Niklaas,1,2.73674E-09
Nikoia,1,2.73674E-09
Nikolaai,1,2.73674E-09
Nikolaes,1,2.73674E-09
Nikolaij,1,2.73674E-09
Nikolaj-Izidor,1,2.73674E-09
Nikolas-Izac,1,2.73674E-09
Nikolas-James,1,2.73674E-09
Nikolce,1,2.73674E-09
Nikolous,1,2.73674E-09
Nikonus,1,2.73674E-09
Niksha,1,2.73674E-09
Niktarios,1,2.73674E-09
Nikulaos,1,2.73674E-09
Niky,1,2.73674E-09
Nilss,1,2.73674E-09
Nilsson,1,2.73674E-09
Nilu,1,2.73674E-09
Nima-Jon,1,2.73674E-09
Nimah,1,2.73674E-09
Nimahe,1,2.73674E-09
Nimer,1,2.73674E-09
Nimith,1,2.73674E-09
Nimr,1,2.73674E-09
Nimrit,1,2.73674E-09
Ning,1,2.73674E-09
Ninh,1,2.73674E-09
Nini,1,2.73674E-09
Ninko,1,2.73674E-09
Nion,1,2.73674E-09
Nirai,1,2.73674E-09
Nirbhay,1,2.73674E-09
Nirej,1,2.73674E-09
Nirelle,1,2.73674E-09
Niren,1,2.73674E-09
Nirmala,1,2.73674E-09
Nirmaljeet,1,2.73674E-09
Nirmalvir,1,2.73674E-09
Nirodh,1,2.73674E-09
Niscala,1,2.73674E-09
Nischaya,1,2.73674E-09
Nishant@;1,2.73674E-09
Nishanvir,1,2.73674E-09
Nishchay,1,2.73674E-09
Nishu,1,2.73674E-09
Nishwan,1,2.73674E-09
Nisiotis,1,2.73674E-09
Nithal,1,2.73674E-09
Nithyanandham,1,2.73674E-09
Nitin@;1,2.73674E-09
Nitis,1,2.73674E-09
Nitro,1,2.73674E-09
Nittin,1,2.73674E-09
Nitu,1,2.73674E-09
Nitubona,1,2.73674E-09
Nitya-Kishora,1,2.73674E-09
Nivaz,1,2.73674E-09
Nives,1,2.73674E-09
Nivranshu,1,2.73674E-09
Nivven,1,2.73674E-09
Niwaaz,1,2.73674E-09
Niwas,1,2.73674E-09
Niwili,1,2.73674E-09
Nixsyn,1,2.73674E-09
Nixzon,1,2.73674E-09
Niyaaz,1,2.73674E-09
Niyom,1,2.73674E-09
Nizamuddin,1,2.73674E-09
Njal,1,2.73674E-09
Njare,1,2.73674E-09
Nmichael,1,2.73674E-09
No'Am,1,2.73674E-09
Noah-Cooper,1,2.73674E-09
Noah-Gabriel,1,2.73674E-09
Noah-Jay,1,2.73674E-09
Noah-Jeffrey,1,2.73674E-09
Noah-Joel,1,2.73674E-09
Noah-John,1,2.73674E-09
Noah-Lucas,1,2.73674E-09
Nobleline,1,2.73674E-09
Nobleson,1,2.73674E-09
Noeleen,1,2.73674E-09
Noelene,1,2.73674E-09
Noelie,1,2.73674E-09
Noeline,1,2.73674E-09
Nohad,1,2.73674E-09
Nokoma,1,2.73674E-09
Nona,1,2.73674E-09
Nontas,1,2.73674E-09
Nontharie,1,2.73674E-09
Noon,1,2.73674E-09
Noor-Al,1,2.73674E-09
Noora,1,2.73674E-09
Noorahmad,1,2.73674E-09
Nooralam,1,2.73674E-09
Nooralha,1,2.73674E-09
Noore,1,2.73674E-09
Noori,1,2.73674E-09
Noorjama,1,2.73674E-09
Noornabi,1,2.73674E-09
Nooruddin,1,2.73674E-09
Nootan,1,2.73674E-09
Noraiz,1,2.73674E-09
Noraksathyavong,1,2.73674E-09
Norik,1,2.73674E-09
Normie,1,2.73674E-09
Norrel,1,2.73674E-09
Norrish,1,2.73674E-09
Nosad,1,2.73674E-09
Noshad,1,2.73674E-09
Novalene,1,2.73674E-09
Novin,1,2.73674E-09
Noys,1,2.73674E-09
Nrendr,1,2.73674E-09
Nrotam,1,2.73674E-09
Nu;;
Nubil,1,2.73674E-09
Nuhan,1,2.73674E-09
Nui,1,2.73674E-09
Nullah,1,2.73674E-09
Numesh,1,2.73674E-09
Nurdeen,1,2.73674E-09
Nurdiin,1,2.73674E-09
Nuredin,1,2.73674E-09
Nurul,1,2.73674E-09
Nurullah,1,2.73674E-09
Nusret,1,2.73674E-09
Nuthaniel,1,2.73674E-09
Nuwan,1,2.73674E-09
Nwed,1,2.73674E-09
Nyall,1,2.73674E-09
Nyaningu,1,2.73674E-09
Nycoma,1,2.73674E-09
Nydell,1,2.73674E-09
Nyke,1,2.73674E-09
Nykolai,1,2.73674E-09
Nyland,1,2.73674E-09
Nyo,1,2.73674E-09
Nyoman,1,2.73674E-09
O'Che,1,2.73674E-09
O'Reilly,1,2.73674E-09
O'Riley,1,2.73674E-09
O'Shae,1,2.73674E-09
Oadin,1,2.73674E-09
Oadly,1,2.73674E-09
Oakha,1,2.73674E-09
Oaki,1,2.73674E-09
Obberiyage,1,2.73674E-09
Obelix,1,2.73674E-09
Oben,1,2.73674E-09
Obinnaya,1,2.73674E-09
Obol,1,2.73674E-09
Obrad,1,2.73674E-09
Obrad-Illya,1,2.73674E-09
Obsan,1,2.73674E-09
Oceanis,1,2.73674E-09
Octavias,1,2.73674E-09
Odhin,1,2.73674E-09
Odhinn,1,2.73674E-09
Odi,1,2.73674E-09
Odjen,1,2.73674E-09
Odolla,1,2.73674E-09
Ody-Nicholas,1,2.73674E-09
Oebe,1,2.73674E-09
Oganda,1,2.73674E-09
Ogen-Rwot,1,2.73674E-09
Ogo-Oluwa,1,2.73674E-09
Oisin-James,1,2.73674E-09
Oisin-Patrick-Pierre,1,2.73674E-09
Oisin-Taylor,1,2.73674E-09
Ojai,1,2.73674E-09
Ojash,1,2.73674E-09
Ok-Sung,1,2.73674E-09
Okarb,1,2.73674E-09
Okumu,1,2.73674E-09
Olai,1,2.73674E-09
Olara,1,2.73674E-09
Oleand,1,2.73674E-09
Olech,1,2.73674E-09
Oleksa,1,2.73674E-09
Oleksander,1,2.73674E-09
Oleksij,1,2.73674E-09
Oles,1,2.73674E-09
Olexij,1,2.73674E-09
Olin-Pax,1,2.73674E-09
Olivah,1,2.73674E-09
Oliver-Jaie,1,2.73674E-09
Oliver-James,1,2.73674E-09
Olivers,1,2.73674E-09
Oliwer,1,2.73674E-09
Olleigh,1,2.73674E-09
Ollyvar-Thong,1,2.73674E-09
Olmo,1,2.73674E-09
Olorin,1,2.73674E-09
Olushegun,1,2.73674E-09
Oluwagbemiro,1,2.73674E-09
Olwin,1,2.73674E-09
Omali,1,2.73674E-09
Omansh,1,2.73674E-09
Omaro,1,2.73674E-09
Ombeer,1,2.73674E-09
Omender,1,2.73674E-09
Omero-Rocco,1,2.73674E-09
Omesh,1,2.73674E-09
Omeshkumar,1,2.73674E-09
Omika,1,2.73674E-09
Omjone,1,2.73674E-09
Omo-Osagie,1,2.73674E-09
Omorueyi,1,2.73674E-09
Ompal,1,2.73674E-09
Omparkesh,1,2.73674E-09
Omparsad,1,2.73674E-09
Omperkash,1,2.73674E-09
Omprkash,1,2.73674E-09
Omprkesh,1,2.73674E-09
Omveer,1,2.73674E-09
Omylios,1,2.73674E-09
Onashe,1,2.73674E-09
Ondoua,1,2.73674E-09
One,1,2.73674E-09
Oner,1,2.73674E-09
Oneth,1,2.73674E-09
Onixx,1,2.73674E-09
Onkarjot,1,2.73674E-09
Onn,1,2.73674E-09
Onno,1,2.73674E-09
Onorato,1,2.73674E-09
Onyinyechukwu,1,2.73674E-09
Oowan,1,2.73674E-09
Opendar,1,2.73674E-09
Oprotim,1,2.73674E-09
Orazzio,1,2.73674E-09
Orbert,1,2.73674E-09
Orbison,1,2.73674E-09
Orde,1,2.73674E-09
Oredi,1,2.73674E-09
Oresteos,1,2.73674E-09
Orestis,1,2.73674E-09
Orfeo,1,2.73674E-09
Orides,1,2.73674E-09
Orkah,1,2.73674E-09
Orlanzo,1,2.73674E-09
Orlundo,1,2.73674E-09
Orly,1,2.73674E-09
Ornelo,1,2.73674E-09
Orng,1,2.73674E-09
Oronno,1,2.73674E-09
Ors,1,2.73674E-09
Orsonn,1,2.73674E-09
Osayi,1,2.73674E-09
Oscar-Dee,1,2.73674E-09
Oscar-Jay,1,2.73674E-09
Oscar-Phong,1,2.73674E-09
Osczar,1,2.73674E-09
Oseigiade,1,2.73674E-09
Oshan,1,2.73674E-09
Osharn,1,2.73674E-09
Osier,1,2.73674E-09
Osilama,1,2.73674E-09
Osiride,1,2.73674E-09
Ossin,1,2.73674E-09
Ossman,1,2.73674E-09
Otovio,1,2.73674E-09
Otto-Arend,1,2.73674E-09
Ouadii,1,2.73674E-09
Oudham,1,2.73674E-09
Oum,1,2.73674E-09
Oumaru,1,2.73674E-09
Ourwah,1,2.73674E-09
Ousama,1,2.73674E-09
Oustyn,1,2.73674E-09
Ovaish,1,2.73674E-09
Owilym,1,2.73674E-09
Own,1,2.73674E-09
Oxled,1,2.73674E-09
Ozais,1,2.73674E-09
Ozan-Ata,1,2.73674E-09
Ozay,1,2.73674E-09
Ozer,1,2.73674E-09
Ozi,1,2.73674E-09
Ozkan,1,2.73674E-09
Ozturk,1,2.73674E-09
Ozu,1,2.73674E-09
P.;1,2.73674E-09
P.Kamesh,1,2.73674E-09
Paavan,1,2.73674E-09
Paawan,1,2.73674E-09
Paban,1,2.73674E-09
Pabitra,1,2.73674E-09
Pablo-Pedro,1,2.73674E-09
Pabu,1,2.73674E-09
Pachuram,1,2.73674E-09
Paddric,1,2.73674E-09
Padraiz,1,2.73674E-09
Paedor,1,2.73674E-09
Pahalwan,1,2.73674E-09
Pahuldeep,1,2.73674E-09
Paiman,1,2.73674E-09
Pajeronne,1,2.73674E-09
Pajneek,1,2.73674E-09
Pajo,1,2.73674E-09
Pak,1,2.73674E-09
Pakgo,1,2.73674E-09
Pakhday,1,2.73674E-09
Palaram,1,2.73674E-09
Palerio,1,2.73674E-09
Pallav,1,2.73674E-09
Pallu,1,2.73674E-09
Palo,1,2.73674E-09
Palvith,1,2.73674E-09
Palyologos,1,2.73674E-09
Pamarson,1,2.73674E-09
Pamir,1,2.73674E-09
Panagetes,1,2.73674E-09
Panagintinus,1,2.73674E-09
Panagioitis,1,2.73674E-09
Panagiota,1,2.73674E-09
Panagotis,1,2.73674E-09
Panahatois,1,2.73674E-09
Panaj,1,2.73674E-09
Panaretos,1,2.73674E-09
Panavis,1,2.73674E-09
Panayi,1,2.73674E-09
Panayiofa,1,2.73674E-09
Panayiote,1,2.73674E-09
Panayiotis-Nicholas,1,2.73674E-09
Panayot,1,2.73674E-09
Panayote,1,2.73674E-09
Panayottis,1,2.73674E-09
Pancham,1,2.73674E-09
Panchhi,1,2.73674E-09
Panchi,1,2.73674E-09
Panchol,1,2.73674E-09
Panchuram,1,2.73674E-09
Pancu,1,2.73674E-09
Pande,1,2.73674E-09
Pandelli,1,2.73674E-09
Pandil,1,2.73674E-09
Pandit,1,2.73674E-09
Pandu,1,2.73674E-09
Panfilio,1,2.73674E-09
Pangiotis,1,2.73674E-09
Panha,1,2.73674E-09
Panhaseth,1,2.73674E-09
Panithi,1,2.73674E-09
Pankajsheel,1,2.73674E-09
Pankuj,1,2.73674E-09
Pannalal,1,2.73674E-09
Pannu,1,2.73674E-09
Panogiotis,1,2.73674E-09
Panteleemon,1,2.73674E-09
Pantellis,1,2.73674E-09
Pantelos,1,2.73674E-09
Pantju,1,2.73674E-09
Panurut,1,2.73674E-09
Paolo-Adriano,1,2.73674E-09
Paolo-Antonio,1,2.73674E-09
Paolo-Cosimo,1,2.73674E-09
Paolo-Nino,1,2.73674E-09
Paolo-Virgilio,1,2.73674E-09
Papp,1,2.73674E-09
Pappe,1,2.73674E-09
Papuu,1,2.73674E-09
Parambeer,1,2.73674E-09
Paramjit,1,2.73674E-09
Parampreet,1,2.73674E-09
Parani,1,2.73674E-09
Paraponh,1,2.73674E-09
Parascevas,1,2.73674E-09
Parash,1,2.73674E-09
Parashar,1,2.73674E-09
Parashos,1,2.73674E-09
Parashram,1,2.73674E-09
Parashu,1,2.73674E-09
Paraskevi,1,2.73674E-09
Parasko,1,2.73674E-09
Paraskos,1,2.73674E-09
Parathvi,1,2.73674E-09
Paratibha,1,2.73674E-09
Parbhudayal,1,2.73674E-09
Parbir,1,2.73674E-09
Parbjot,1,2.73674E-09
Parco,1,2.73674E-09
Pardep,1,2.73674E-09
Pardeshi,1,2.73674E-09
Pardhiv,1,2.73674E-09
Pardhuman,1,2.73674E-09
Pareen,1,2.73674E-09
Parem,1,2.73674E-09
Pargat,1,2.73674E-09
Parhalad,1,2.73674E-09
Pariz,1,2.73674E-09
Parjinder,1,2.73674E-09
Parka,1,2.73674E-09
Parkes,1,2.73674E-09
Parkyn,1,2.73674E-09
Parlad,1,2.73674E-09
Parlokjot,1,2.73674E-09
Parmjeet,1,2.73674E-09
Parmo,1,2.73674E-09
Parmodh,1,2.73674E-09
Parmood,1,2.73674E-09
Parress,1,2.73674E-09
Parsanjeet,1,2.73674E-09
Parsant,1,2.73674E-09
Parshant,1,2.73674E-09
Parshotam,1,2.73674E-09
Parshu,1,2.73674E-09
Parsnath,1,2.73674E-09
Parsuram,1,2.73674E-09
Partab,1,2.73674E-09
Parteekgun,1,2.73674E-09
Parthav,1,2.73674E-09
Partul,1,2.73674E-09
Partyush,1,2.73674E-09
Parva,1,2.73674E-09
Parven,1,2.73674E-09
Parvesh@Pankaj,1,2.73674E-09
Parvir,1,2.73674E-09
Pasanjeet,1,2.73674E-09
Pascal-Walter,1,2.73674E-09
Pascale,1,2.73674E-09
Pascalis,1,2.73674E-09
Pascha,1,2.73674E-09
Paseka,1,2.73674E-09
Paseuth,1,2.73674E-09
Pasindu,1,2.73674E-09
Pasqale,1,2.73674E-09
Pasqalino,1,2.73674E-09
Pasqualie,1,2.73674E-09
Pasquallino,1,2.73674E-09
Pasqualuzzo,1,2.73674E-09
Patan,1,2.73674E-09
Patariki,1,2.73674E-09
Patav,1,2.73674E-09
Patender,1,2.73674E-09
Paterson,1,2.73674E-09
Patik@Monu,1,2.73674E-09
Pator,1,2.73674E-09
Patricia-Lea,1,2.73674E-09
Patrick-John-Henry,1,2.73674E-09
Patrick-Leo,1,2.73674E-09
Patrick-Rajakna,1,2.73674E-09
Patrick-Toan,1,2.73674E-09
Patrick-Waka,1,2.73674E-09
Pattana,1,2.73674E-09
Patten,1,2.73674E-09
Pattinson,1,2.73674E-09
Paul-Andrew,1,2.73674E-09
Paul-Ardmore,1,2.73674E-09
Paul-Barry,1,2.73674E-09
Paul-Charles,1,2.73674E-09
Paul-Christopher,1,2.73674E-09
Paul-Frans,1,2.73674E-09
Paul-Fred,1,2.73674E-09
Paul-Guy-Nazzareno,1,2.73674E-09
Paul-James,1,2.73674E-09
Paul-Jan,1,2.73674E-09
Paul-John,1,2.73674E-09
Paul-Micheal,1,2.73674E-09
Paul-Simon,1,2.73674E-09
Paul-Steven,1,2.73674E-09
Paul-Tjeerd,1,2.73674E-09
Paulston,1,2.73674E-09
Paulus-Liudas,1,2.73674E-09
Pavitarjot,1,2.73674E-09
Pavith,1,2.73674E-09
Pavithran,1,2.73674E-09
Pavjol,1,2.73674E-09
Pavlik,1,2.73674E-09
Pavo,1,2.73674E-09
Pavteg,1,2.73674E-09
Pawai,1,2.73674E-09
Pawandeep,1,2.73674E-09
Pawanreet,1,2.73674E-09
Pawansingh,1,2.73674E-09
Pawel-Adam,1,2.73674E-09
Pawit,1,2.73674E-09
Pawl,1,2.73674E-09
Pawna,1,2.73674E-09
Paxx,1,2.73674E-09
Paycee,1,2.73674E-09
Paymaan,1,2.73674E-09
Paywaz,1,2.73674E-09
Peadar,1,2.73674E-09
Pearak,1,2.73674E-09
Pecho,1,2.73674E-09
Pedros,1,2.73674E-09
Peentu,1,2.73674E-09
Peeyush,1,2.73674E-09
Pei,1,2.73674E-09
Peigan,1,2.73674E-09
Peihong,1,2.73674E-09
Peiter,1,2.73674E-09
Pekka,1,2.73674E-09
Pekthang,1,2.73674E-09
Pelio,1,2.73674E-09
Pelle,1,2.73674E-09
Pellem,1,2.73674E-09
Pellion,1,2.73674E-09
Pelopidas,1,2.73674E-09
Pemaram,1,2.73674E-09
Pemberton,1,2.73674E-09
Pengiran,1,2.73674E-09
Peniasi,1,2.73674E-09
Penndara,1,2.73674E-09
Pens,1,2.73674E-09
Penton,1,2.73674E-09
Penzin,1,2.73674E-09
Pep,1,2.73674E-09
Pera,1,2.73674E-09
Peraniko,1,2.73674E-09
Perdeep,1,2.73674E-09
Perekli,1,2.73674E-09
Periandros,1,2.73674E-09
Periclis,1,2.73674E-09
Perikli,1,2.73674E-09
Perin,1,2.73674E-09
Perkash,1,2.73674E-09
Permeshwar,1,2.73674E-09
Permpoon,1,2.73674E-09
Perom,1,2.73674E-09
Perr,1,2.73674E-09
Perran,1,2.73674E-09
Perren,1,2.73674E-09
Perria,1,2.73674E-09
Perry-Damian,1,2.73674E-09
Pers,1,2.73674E-09
Pertho,1,2.73674E-09
Pervaiz,1,2.73674E-09
Pervez,1,2.73674E-09
Pervinder,1,2.73674E-09
Pesandu,1,2.73674E-09
Peshtiwan,1,2.73674E-09
Peshwaz,1,2.73674E-09
Pestheruwe,1,2.73674E-09
Peta-Anne,1,2.73674E-09
Peta-Jon,1,2.73674E-09
Peter-Eric,1,2.73674E-09
Peter-Felix,1,2.73674E-09
Peter-Ivann,1,2.73674E-09
Peter-Jacob,1,2.73674E-09
Peter-James,1,2.73674E-09
Peter-Jay,1,2.73674E-09
Peter-Jonathan,1,2.73674E-09
Peter-Lee,1,2.73674E-09
Peter-Pal,1,2.73674E-09
Peter-Petar,1,2.73674E-09
Peter-Wayne,1,2.73674E-09
Peter-William,1,2.73674E-09
Peterus,1,2.73674E-09
Petina,1,2.73674E-09
Petiola,1,2.73674E-09
Petit,1,2.73674E-09
Petragos,1,2.73674E-09
Petri,1,2.73674E-09
Petrie,1,2.73674E-09
Petronino,1,2.73674E-09
Petros-Peter,1,2.73674E-09
Petru,1,2.73674E-09
Peuo,1,2.73674E-09
Pev,1,2.73674E-09
Peyam,1,2.73674E-09
Peyeton,1,2.73674E-09
Phack,1,2.73674E-09
Phadric,1,2.73674E-09
Phaedon,1,2.73674E-09
Phakir,1,2.73674E-09
Phally,1,2.73674E-09
Phanarith,1,2.73674E-09
Pharyn,1,2.73674E-09
Phatlalalo,1,2.73674E-09
Phea-Jae,1,2.73674E-09
Pheak,1,2.73674E-09
Phearom,1,2.73674E-09
Pheavarath,1,2.73674E-09
Pheavarth,1,2.73674E-09
Phech,1,2.73674E-09
Phero,1,2.73674E-09
Pheyton,1,2.73674E-09
Phi-Chau,1,2.73674E-09
Phi-Hoang,1,2.73674E-09
Phi-Long,1,2.73674E-09
Phidias,1,2.73674E-09
Philipas,1,2.73674E-09
Philiph,1,2.73674E-09
Philippa,1,2.73674E-09
Philippus,1,2.73674E-09
Philli,1,2.73674E-09
Phillip-Maxwell,1,2.73674E-09
Phillipo,1,2.73674E-09
Phillipus,1,2.73674E-09
Phillop,1,2.73674E-09
Philomon,1,2.73674E-09
Philopatyr,1,2.73674E-09
Phirdos,1,2.73674E-09
Phoenix-Lewis,1,2.73674E-09
Phooleshwar,1,2.73674E-09
Phoolo,1,2.73674E-09
Phoolwati,1,2.73674E-09
Phoraboth,1,2.73674E-09
Phoranon,1,2.73674E-09
Photi,1,2.73674E-09
Phouthajuk,1,2.73674E-09
Phouthasone,1,2.73674E-09
Phrasswell,1,2.73674E-09
Phrydeus,1,2.73674E-09
Phu-Lam,1,2.73674E-09
Phu-Qui,1,2.73674E-09
Phuc-Tam,1,2.73674E-09
Phuoc-Hoan,1,2.73674E-09
Phylip,1,2.73674E-09
Phylynn,1,2.73674E-09
Phyrith,1,2.73674E-09
Pia,1,2.73674E-09
Piak,1,2.73674E-09
Pich,1,2.73674E-09
Pichsovan,1,2.73674E-09
Piebro,1,2.73674E-09
Pieran,1,2.73674E-09
Pieri,1,2.73674E-09
Pieris-Louis,1,2.73674E-09
Pierom,1,2.73674E-09
Pierr,1,2.73674E-09
Pierre-Albin,1,2.73674E-09
Pierris,1,2.73674E-09
Pierros,1,2.73674E-09
Pierrot,1,2.73674E-09
Pietrangelo,1,2.73674E-09
Pietre,1,2.73674E-09
Pietro-Salvatore,1,2.73674E-09
Pilippo,1,2.73674E-09
Pimal,1,2.73674E-09
Pinakin,1,2.73674E-09
Pingkawat,1,2.73674E-09
Pingsheng,1,2.73674E-09
Pinkoo,1,2.73674E-09
Pinku,1,2.73674E-09
Pinnington,1,2.73674E-09
Pinttu,1,2.73674E-09
Pinuccio,1,2.73674E-09
Pio-Mario,1,2.73674E-09
Pipat,1,2.73674E-09
Pipath,1,2.73674E-09
Pirapat,1,2.73674E-09
Pirie,1,2.73674E-09
Piripi,1,2.73674E-09
Piroum,1,2.73674E-09
Pisan,1,2.73674E-09
Pitar,1,2.73674E-09
Pitas,1,2.73674E-09
Piter,1,2.73674E-09
Pitia,1,2.73674E-09
Pito,1,2.73674E-09
Piuesh,1,2.73674E-09
Piyus,1,2.73674E-09
Pjay,1,2.73674E-09
Pjeter,1,2.73674E-09
Pjotr,1,2.73674E-09
Platinum,1,2.73674E-09
Pllum,1,2.73674E-09
Ploutarhos,1,2.73674E-09
Plymouth,1,2.73674E-09
Po-Yun,1,2.73674E-09
Poara,1,2.73674E-09
Pokhar,1,2.73674E-09
Pokoho,1,2.73674E-09
Polde,1,2.73674E-09
Polida,1,2.73674E-09
Polivios,1,2.73674E-09
Pollawan,1,2.73674E-09
Polle,1,2.73674E-09
Polyentolyekmongtainh,1,2.73674E-09
Polyhroni,1,2.73674E-09
Polyvios,1,2.73674E-09
Poma,1,2.73674E-09
Pontales,1,2.73674E-09
Pontharort,1,2.73674E-09
Pontus,1,2.73674E-09
Poon,1,2.73674E-09
Poon-Ee,1,2.73674E-09
Poon-Jin,1,2.73674E-09
Poon-Khin,1,2.73674E-09
Poon-Yu,1,2.73674E-09
Pooranmal,1,2.73674E-09
Popinder,1,2.73674E-09
Porntip,1,2.73674E-09
Poshetty,1,2.73674E-09
Potatau,1,2.73674E-09
Pothidos,1,2.73674E-09
Pourya,1,2.73674E-09
Pphola,1,2.73674E-09
Prabesh,1,2.73674E-09
Prabhansh,1,2.73674E-09
Prabhash,1,2.73674E-09
Prabhatilal,1,2.73674E-09
Prabhatyashi,1,2.73674E-09
Prabhbir,1,2.73674E-09
Prabhgun,1,2.73674E-09
Prabhjeet,1,2.73674E-09
Prabhjit,1,2.73674E-09
Prabhpartap,1,2.73674E-09
Prabhraj,1,2.73674E-09
Prabhudayal,1,2.73674E-09
Prabhveer,1,2.73674E-09
Prabir,1,2.73674E-09
Prabu,1,2.73674E-09
Prachya,1,2.73674E-09
Pradap,1,2.73674E-09
Pradeep@Kale,1,2.73674E-09
Prafhool,1,2.73674E-09
Praful,1,2.73674E-09
Prahlada,1,2.73674E-09
Praj,1,2.73674E-09
Prajeedh,1,2.73674E-09
Prakav,1,2.73674E-09
Prakul,1,2.73674E-09
Pramal,1,2.73674E-09
Pramatma,1,2.73674E-09
Prameshwar,1,2.73674E-09
Prami,1,2.73674E-09
Pramjeet,1,2.73674E-09
Pramjot,1,2.73674E-09
Pramood,1,2.73674E-09
Pran,1,2.73674E-09
Pranaay,1,2.73674E-09
Pranbir,1,2.73674E-09
Pranim,1,2.73674E-09
Prankur,1,2.73674E-09
Prannab,1,2.73674E-09
Pransis,1,2.73674E-09
Prashanat,1,2.73674E-09
Prashansa,1,2.73674E-09
Prasna,1,2.73674E-09
Prasun,1,2.73674E-09
Pratap,1,2.73674E-09
Prateik,1,2.73674E-09
Pratha,1,2.73674E-09
Prathiv,1,2.73674E-09
Pratul,1,2.73674E-09
Pratyaksh,1,2.73674E-09
Pravindra,1,2.73674E-09
Prayatan,1,2.73674E-09
Prayush,1,2.73674E-09
Predeep,1,2.73674E-09
Preesha,1,2.73674E-09
Preeti,1,2.73674E-09
Premnarayan,1,2.73674E-09
Prempal,1,2.73674E-09
Premsingh,1,2.73674E-09
Prerit,1,2.73674E-09
Preruet,1,2.73674E-09
Preshaan,1,2.73674E-09
Preyojit,1,2.73674E-09
Prhalad,1,2.73674E-09
Priaansh,1,2.73674E-09
Priestian,1,2.73674E-09
Prihaan,1,2.73674E-09
Priju,1,2.73674E-09
Primolino,1,2.73674E-09
Prince-Henele,1,2.73674E-09
Princetan,1,2.73674E-09
Prinsh,1,2.73674E-09
Priscila,1,2.73674E-09
Pritham,1,2.73674E-09
Prithu,1,2.73674E-09
Prittam,1,2.73674E-09
Prityin,1,2.73674E-09
Priyadi,1,2.73674E-09
Priyantha,1,2.73674E-09
Prkesh,1,2.73674E-09
Prmod,1,2.73674E-09
Procoppio,1,2.73674E-09
Procter,1,2.73674E-09
Prodan,1,2.73674E-09
Prokopi,1,2.73674E-09
Prom,1,2.73674E-09
Prominent,1,2.73674E-09
Provino,1,2.73674E-09
Prsant,1,2.73674E-09
Prshant,1,2.73674E-09
Prunthan,1,2.73674E-09
Pryda,1,2.73674E-09
Prylor,1,2.73674E-09
Ptuska,1,2.73674E-09
Pujja,1,2.73674E-09
Pukar,1,2.73674E-09
Pukharam,1,2.73674E-09
Pul,1,2.73674E-09
Pulanthiran,1,2.73674E-09
Punarjyoti,1,2.73674E-09
Punia,1,2.73674E-09
Punkaj,1,2.73674E-09
Punnet,1,2.73674E-09
Puping,1,2.73674E-09
Purackal,1,2.73674E-09
Purajith,1,2.73674E-09
Puranmal,1,2.73674E-09
Purnmal,1,2.73674E-09
Pusgpender,1,2.73674E-09
Pushank,1,2.73674E-09
Pushpa,1,2.73674E-09
Pushpender,1,2.73674E-09
Pushpendr,1,2.73674E-09
Puspak,1,2.73674E-09
Puspendar,1,2.73674E-09
Puspender,1,2.73674E-09
Puswa,1,2.73674E-09
Puthear,1,2.73674E-09
Puthireach,1,2.73674E-09
Puthirith,1,2.73674E-09
Putra,1,2.73674E-09
Putrassmey,1,2.73674E-09
Pyar,1,2.73674E-09
Pyarelal,1,2.73674E-09
Pyrrhus,1,2.73674E-09
Pythia,1,2.73674E-09
Qadr,1,2.73674E-09
Qahyem,1,2.73674E-09
Qaqa,1,2.73674E-09
Qayn,1,2.73674E-09
Qiang,1,2.73674E-09
Qianyuan,1,2.73674E-09
Qihua,1,2.73674E-09
Qijia,1,2.73674E-09
Qin,1,2.73674E-09
Qing,1,2.73674E-09
Qinghao,1,2.73674E-09
Qirui,1,2.73674E-09
Qixiang,1,2.73674E-09
Qiyuan,1,2.73674E-09
Quaide,1,2.73674E-09
Quallan,1,2.73674E-09
Quang-Anh,1,2.73674E-09
Quang-Huy,1,2.73674E-09
Quang-Thai,1,2.73674E-09
Quang-Trung,1,2.73674E-09
Quang-Vinh,1,2.73674E-09
Quanmalo,1,2.73674E-09
Quann,1,2.73674E-09
Quayd,1,2.73674E-09
Quelan,1,2.73674E-09
Querino,1,2.73674E-09
Qui-Dinh,1,2.73674E-09
Quillam,1,2.73674E-09
Quillem,1,2.73674E-09
Quindilio,1,2.73674E-09
Quinnlin,1,2.73674E-09
Quintilio,1,2.73674E-09
Quintinio,1,2.73674E-09
Quirico,1,2.73674E-09
Quoc-Bao,1,2.73674E-09
Quoc-Huy,1,2.73674E-09
Quoc-Thang,1,2.73674E-09
Quoc-Thinh,1,2.73674E-09
Quoc-Trung,1,2.73674E-09
Quoc-Tuan,1,2.73674E-09
Quoc-Viet,1,2.73674E-09
Quoe,1,2.73674E-09
Quono,1,2.73674E-09
Quynh,1,2.73674E-09
Qwade,1,2.73674E-09
Qwayde,1,2.73674E-09
Ra'Ed,1,2.73674E-09
Raadeen,1,2.73674E-09
Raafat,1,2.73674E-09
Raahat,1,2.73674E-09
Raaif,1,2.73674E-09
Raajveer,1,2.73674E-09
Raamah,1,2.73674E-09
Raamashwath,1,2.73674E-09
Raamkishore,1,2.73674E-09
Raavida,1,2.73674E-09
Rabeah,1,2.73674E-09
Rabee,1,2.73674E-09
Rabeh,1,2.73674E-09
Rabia,1,2.73674E-09
Rabie,1,2.73674E-09
Rabinson,1,2.73674E-09
Rabjot,1,2.73674E-09
Raboon,1,2.73674E-09
Rabpreet,1,2.73674E-09
Rach,1,2.73674E-09
Rachana,1,2.73674E-09
Racheal,1,2.73674E-09
Rachela,1,2.73674E-09
Radat,1,2.73674E-09
Radden,1,2.73674E-09
Radenko,1,2.73674E-09
Radesyam,1,2.73674E-09
Radha-Ramana,1,2.73674E-09
Radhamohan,1,2.73674E-09
Radhesayam,1,2.73674E-09
Radheyshyam,1,2.73674E-09
Radhyshyam,1,2.73674E-09
Radisha-Bata,1,2.73674E-09
Radivoje,1,2.73674E-09
Radman,1,2.73674E-09
Radmehr,1,2.73674E-09
Radnar,1,2.73674E-09
Radosav,1,2.73674E-09
Rady,1,2.73674E-09
Raechelle,1,2.73674E-09
Raeef,1,2.73674E-09
Raeeyan,1,2.73674E-09
Raeharn,1,2.73674E-09
Raeleine,1,2.73674E-09
Raevel,1,2.73674E-09
Raevn,1,2.73674E-09
Rafaeli,1,2.73674E-09
Rafail,1,2.73674E-09
Rafeddin,1,2.73674E-09
Raffaela,1,2.73674E-09
Raffaele-Vittorio,1,2.73674E-09
Raffaelino,1,2.73674E-09
Raffaello,1,2.73674E-09
Raffaelo,1,2.73674E-09
Raffalee,1,2.73674E-09
Raffallo,1,2.73674E-09
Raffasya,1,2.73674E-09
Rafic,1,2.73674E-09
Rafiki,1,2.73674E-09
Rafter,1,2.73674E-09
Ragab,1,2.73674E-09
Raghi,1,2.73674E-09
Raghu,1,2.73674E-09
Raghubeer,1,2.73674E-09
Raghul,1,2.73674E-09
Raghuvir,1,2.73674E-09
Ragin,1,2.73674E-09
Ragwender,1,2.73674E-09
Raham,1,2.73674E-09
Rahao,1,2.73674E-09
Rahimi,1,2.73674E-09
Rahimuddin,1,2.73674E-09
Rahis,1,2.73674E-09
Rahishudeen,1,2.73674E-09
Rahisuddin,1,2.73674E-09
Rahma,1,2.73674E-09
Rahmaddhia,1,2.73674E-09
Rahmatulloh,1,2.73674E-09
Rahmen,1,2.73674E-09
Rahmo,1,2.73674E-09
Rahmund,1,2.73674E-09
Rahre,1,2.73674E-09
Rahu,1,2.73674E-09
Rahul@Akash,1,2.73674E-09
Rahz,1,2.73674E-09
Rahziel,1,2.73674E-09
Raighne,1,2.73674E-09
Raika,1,2.73674E-09
Raikos,1,2.73674E-09
Railton,1,2.73674E-09
Raimend,1,2.73674E-09
Rainer-Francis,1,2.73674E-09
Rainer-Jason,1,2.73674E-09
Rainer-Uwe,1,2.73674E-09
Rainhart,1,2.73674E-09
Rainsey,1,2.73674E-09
Raisan,1,2.73674E-09
Raisingh,1,2.73674E-09
Raisuddin,1,2.73674E-09
Raiym,1,2.73674E-09
Raiyu,1,2.73674E-09
Raj-Gopal,1,2.73674E-09
Rajabu,1,2.73674E-09
Rajam,1,2.73674E-09
Rajanth,1,2.73674E-09
Rajath,1,2.73674E-09
Rajbeer,1,2.73674E-09
Rajbir@Changa,1,2.73674E-09
Rajdut,1,2.73674E-09
Rajend,1,2.73674E-09
Rajeshvr,1,2.73674E-09
Rajeshwar@Moni,1,2.73674E-09
Rajibul,1,2.73674E-09
Rajider,1,2.73674E-09
Rajish,1,2.73674E-09
Rajja,1,2.73674E-09
Rajjit,1,2.73674E-09
Rajkanwal,1,2.73674E-09
Rajkiran,1,2.73674E-09
Rajkumarm,1,2.73674E-09
Rajmani,1,2.73674E-09
Rajmit,1,2.73674E-09
Rajna,1,2.73674E-09
Rajni,1,2.73674E-09
Rajo,1,2.73674E-09
Rajpaul,1,2.73674E-09
Rajpreet,1,2.73674E-09
Rajputra,1,2.73674E-09
Raju@Rajesh,1,2.73674E-09
Rajuddin,1,2.73674E-09
Rajuel,1,2.73674E-09
Rajvi,1,2.73674E-09
Rakaia,1,2.73674E-09
Rakho,1,2.73674E-09
Raki,1,2.73674E-09
Rakkibhul,1,2.73674E-09
Raksh,1,2.73674E-09
Raksmey,1,2.73674E-09
Ralf-Peter,1,2.73674E-09
Ralph-Jason,1,2.73674E-09
Ralph-Werner,1,2.73674E-09
Ramadhani,1,2.73674E-09
Ramakant,1,2.73674E-09
Ramanan,1,2.73674E-09
Ramanjit,1,2.73674E-09
Ramanpreet,1,2.73674E-09
Ramavtar,1,2.73674E-09
Rambabu,1,2.73674E-09
Rambarose,1,2.73674E-09
Rambawi,1,2.73674E-09
Rambhajan,1,2.73674E-09
Rambharos,1,2.73674E-09
Rambhool,1,2.73674E-09
Rambhul,1,2.73674E-09
Rambrij,1,2.73674E-09
Ramchandr,1,2.73674E-09
Ramdhan,1,2.73674E-09
Ramdhin,1,2.73674E-09
Ramdutt,1,2.73674E-09
Rameh,1,2.73674E-09
Ramender,1,2.73674E-09
Rameswar,1,2.73674E-09
Ramfare,1,2.73674E-09
Ramgopal,1,2.73674E-09
Ramhetu,1,2.73674E-09
Ramiz-Mustafa,1,2.73674E-09
Ramjanam,1,2.73674E-09
Ramjani,1,2.73674E-09
Ramjiyawan,1,2.73674E-09
Ramkhilawan,1,2.73674E-09
Ramkiashan,1,2.73674E-09
Ramkish,1,2.73674E-09
Ramkumari,1,2.73674E-09
Ramlian,1,2.73674E-09
Rammesez,1,2.73674E-09
Rammurti,1,2.73674E-09
Ramneek,1,2.73674E-09
Ramniwasj,1,2.73674E-09
Ramoon,1,2.73674E-09
Rampaal,1,2.73674E-09
Rampage,1,2.73674E-09
Rampati,1,2.73674E-09
Rampher,1,2.73674E-09
Ramsagar,1,2.73674E-09
Ramsawroop,1,2.73674E-09
Ramsees,1,2.73674E-09
Ramsem,1,2.73674E-09
Ramsewak,1,2.73674E-09
Ramsingh,1,2.73674E-09
Ramswrup,1,2.73674E-09
Ramtek,1,2.73674E-09
Ramtin,1,2.73674E-09
Ramu@;1,2.73674E-09
Ramulu,1,2.73674E-09
Ramutis,1,2.73674E-09
Ramvihar,1,2.73674E-09
Ramvir,1,2.73674E-09
Ramwatar,1,2.73674E-09
Ranahi,1,2.73674E-09
Ranbo,1,2.73674E-09
Ranco,1,2.73674E-09
Randheer,1,2.73674E-09
Randil,1,2.73674E-09
Randinu,1,2.73674E-09
Ranee,1,2.73674E-09
Rangi-Ora,1,2.73674E-09
Ranidu,1,2.73674E-09
Ranieri,1,2.73674E-09
Raniero,1,2.73674E-09
Ranindu,1,2.73674E-09
Ranjay,1,2.73674E-09
Ranjot,1,2.73674E-09
Ranju,1,2.73674E-09
Ranko,1,2.73674E-09
Rann,1,2.73674E-09
Rannvijay,1,2.73674E-09
Ranpal,1,2.73674E-09
Ranranbir,1,2.73674E-09
Ransh,1,2.73674E-09
Rantaav,1,2.73674E-09
Rantaj,1,2.73674E-09
Rantesh,1,2.73674E-09
Ranuga,1,2.73674E-09
Ranulaka,1,2.73674E-09
Ranya,1,2.73674E-09
Raph,1,2.73674E-09
Raphael-Philippe,1,2.73674E-09
Raphaelle,1,2.73674E-09
Rara,1,2.73674E-09
Rares,1,2.73674E-09
Rasab,1,2.73674E-09
Rascal,1,2.73674E-09
Raseel,1,2.73674E-09
Raseem,1,2.73674E-09
Rashab,1,2.73674E-09
Rashall,1,2.73674E-09
Rashimoriq,1,2.73674E-09
Rashleigh,1,2.73674E-09
Rashley,1,2.73674E-09
Rashliegh,1,2.73674E-09
Rashon-Micheal,1,2.73674E-09
Rashpal,1,2.73674E-09
Rasid,1,2.73674E-09
Rasil,1,2.73674E-09
Rasmey-Nicholas,1,2.73674E-09
Raspal,1,2.73674E-09
Rastagar,1,2.73674E-09
Rastin,1,2.73674E-09
Ratama,1,2.73674E-09
Ratchanont,1,2.73674E-09
Rateb,1,2.73674E-09
Rathan,1,2.73674E-09
Rathnayake,1,2.73674E-09
Rati,1,2.73674E-09
Ratikant,1,2.73674E-09
Ratimir,1,2.73674E-09
Ratko,1,2.73674E-09
Ratn,1,2.73674E-09
Ratna,1,2.73674E-09
Ratnesh,1,2.73674E-09
Ratneshwar,1,2.73674E-09
Ratneswar,1,2.73674E-09
Rattanak,1,2.73674E-09
Ratul,1,2.73674E-09
Ratwari,1,2.73674E-09
Raud,1,2.73674E-09
Rauid,1,2.73674E-09
Raul-Xavier,1,2.73674E-09
Raumund,1,2.73674E-09
Raunav,1,2.73674E-09
Raurri,1,2.73674E-09
Ravaite,1,2.73674E-09
Ravee,1,2.73674E-09
Raveena,1,2.73674E-09
Ravel,1,2.73674E-09
Ravelle,1,2.73674E-09
Ravi@;1,2.73674E-09
Ravid,1,2.73674E-09
Ravidutt,1,2.73674E-09
Ravinath,1,2.73674E-09
Ravind,1,2.73674E-09
Ravindar,1,2.73674E-09
Ravindera,1,2.73674E-09
Ravindr,1,2.73674E-09
Ravindran,1,2.73674E-09
Ravinesh,1,2.73674E-09
Raviraj,1,2.73674E-09
Ravishankar,1,2.73674E-09
Ravnit,1,2.73674E-09
Ravnoor,1,2.73674E-09
Ravroop,1,2.73674E-09
Rawa,1,2.73674E-09
Rawand,1,2.73674E-09
Rawdyn,1,2.73674E-09
Rawen,1,2.73674E-09
Rawla,1,2.73674E-09
Rayed,1,2.73674E-09
Rayeed,1,2.73674E-09
Rayelene,1,2.73674E-09
Rayeme,1,2.73674E-09
Rayish,1,2.73674E-09
Rayko,1,2.73674E-09
Raymend,1,2.73674E-09
Raymonde,1,2.73674E-09
Raymundas,1,2.73674E-09
Raymunt,1,2.73674E-09
Raynardo,1,2.73674E-09
Rayni,1,2.73674E-09
Raywin,1,2.73674E-09
Rayyanuddin,1,2.73674E-09
Razalee,1,2.73674E-09
Razim,1,2.73674E-09
Reaf,1,2.73674E-09
Rearm,1,2.73674E-09
Reave,1,2.73674E-09
Rebbeca,1,2.73674E-09
Rebbecca,1,2.73674E-09
Rebeccfa,1,2.73674E-09
Rebein,1,2.73674E-09
Rebeschini,1,2.73674E-09
Rebort,1,2.73674E-09
Rechino,1,2.73674E-09
Redhema,1,2.73674E-09
Redinald,1,2.73674E-09
Reebal,1,2.73674E-09
Reece-John,1,2.73674E-09
Reeco,1,2.73674E-09
Reeden,1,2.73674E-09
Reedwan,1,2.73674E-09
Reeif,1,2.73674E-09
Reenhard,1,2.73674E-09
Reenu,1,2.73674E-09
Reephkat,1,2.73674E-09
Reeshabh,1,2.73674E-09
Reez,1,2.73674E-09
Regean,1,2.73674E-09
Regesh,1,2.73674E-09
Rehaam,1,2.73674E-09
Rehaazvir,1,2.73674E-09
Reheth,1,2.73674E-09
Rehgan,1,2.73674E-09
Rehys,1,2.73674E-09
Reife,1,2.73674E-09
Reign-Wolf,1,2.73674E-09
Reihana,1,2.73674E-09
Reihnhard,1,2.73674E-09
Reilan,1,2.73674E-09
Reileigh,1,2.73674E-09
Reimon,1,2.73674E-09
Reimond,1,2.73674E-09
Reint,1,2.73674E-09
Rejaul,1,2.73674E-09
Reji,1,2.73674E-09
Rekahn,1,2.73674E-09
Rekhai,1,2.73674E-09
Relja,1,2.73674E-09
Remarni,1,2.73674E-09
Remco,1,2.73674E-09
Remmie,1,2.73674E-09
Remzi,1,2.73674E-09
Remzo,1,2.73674E-09
Ren'E,1,2.73674E-09
Renai,1,2.73674E-09
Renaild,1,2.73674E-09
Renatah,1,2.73674E-09
Rene-Christopher,1,2.73674E-09
Rene-Paul,1,2.73674E-09
Rene?;1,2.73674E-09
Rene';1,2.73674E-09
Reneau,1,2.73674E-09
Renesh,1,2.73674E-09
Renia,1,2.73674E-09
Renish,1,2.73674E-09
Rennison,1,2.73674E-09
Renze,1,2.73674E-09
Renzzo,1,2.73674E-09
Reonaldo,1,2.73674E-09
Repu,1,2.73674E-09
Reshaad,1,2.73674E-09
Reshahn,1,2.73674E-09
Reshan,1,2.73674E-09
Reshav,1,2.73674E-09
Resid,1,2.73674E-09
Reuban,1,2.73674E-09
Reubeni,1,2.73674E-09
Reubhan,1,2.73674E-09
Revel-Jamez,1,2.73674E-09
Revice,1,2.73674E-09
Revndrshing,1,2.73674E-09
Rewai,1,2.73674E-09
Rewaz,1,2.73674E-09
Rexiesh,1,2.73674E-09
Rexley,1,2.73674E-09
Rexon,1,2.73674E-09
Rexy,1,2.73674E-09
Reyaz,1,2.73674E-09
Reygan,1,2.73674E-09
Reyhen,1,2.73674E-09
Reyman,1,2.73674E-09
Reyne,1,2.73674E-09
Reyse,1,2.73674E-09
Rezan,1,2.73674E-09
Rghuraj,1,2.73674E-09
Rhane,1,2.73674E-09
Rhashawn,1,2.73674E-09
Rhauri,1,2.73674E-09
Rhayne,1,2.73674E-09
Rheace,1,2.73674E-09
Rheese,1,2.73674E-09
Rheif,1,2.73674E-09
Rhiess,1,2.73674E-09
Rhimzey,1,2.73674E-09
Rhitvik,1,2.73674E-09
Rhjay,1,2.73674E-09
Rhoyell,1,2.73674E-09
Rhun,1,2.73674E-09
Rhyda,1,2.73674E-09
Rhydan,1,2.73674E-09
Rhydhm,1,2.73674E-09
Rhyeleigh,1,2.73674E-09
Rhyell,1,2.73674E-09
Rhyes,1,2.73674E-09
Rhyl,1,2.73674E-09
Rhylie,1,2.73674E-09
Rhyly,1,2.73674E-09
Riaanvir,1,2.73674E-09
Riahn,1,2.73674E-09
Riaim,1,2.73674E-09
Riain,1,2.73674E-09
Riak,1,2.73674E-09
Rialey,1,2.73674E-09
Riann,1,2.73674E-09
Riaz-David,1,2.73674E-09
Ribnga,1,2.73674E-09
Ribo,1,2.73674E-09
Ricardoh,1,2.73674E-09
Ricaydon,1,2.73674E-09
Riccard,1,2.73674E-09
Ricce,1,2.73674E-09
Richan,1,2.73674E-09
Richard-Craig,1,2.73674E-09
Richard-John,1,2.73674E-09
Richard-Mark,1,2.73674E-09
Richard-Ray,1,2.73674E-09
Richardas,1,2.73674E-09
Richesh,1,2.73674E-09
Richie-Pat,1,2.73674E-09
Rickcalem,1,2.73674E-09
Rickie-Lee,1,2.73674E-09
Rickii,1,2.73674E-09
Rickista,1,2.73674E-09
Rickveer,1,2.73674E-09
Ricky-James,1,2.73674E-09
Ricky-Joe,1,2.73674E-09
Ricky-John,1,2.73674E-09
Ricky-Karl,1,2.73674E-09
Ricky-Pat,1,2.73674E-09
Rictor,1,2.73674E-09
Ricy,1,2.73674E-09
Ridhakaran,1,2.73674E-09
Ridho,1,2.73674E-09
Rieger,1,2.73674E-09
Rielly-Jack,1,2.73674E-09
Rienk,1,2.73674E-09
Rieth,1,2.73674E-09
Riff,1,2.73674E-09
Rifqi,1,2.73674E-09
Rigas,1,2.73674E-09
Rihal,1,2.73674E-09
Riho,1,2.73674E-09
Rijakpal,1,2.73674E-09
Rijvan,1,2.73674E-09
Rikaard,1,2.73674E-09
Rikkee,1,2.73674E-09
Rikkie,1,2.73674E-09
Rile,1,2.73674E-09
Riley-Jack,1,2.73674E-09
Riley-Joshua,1,2.73674E-09
Riley-Wayne,1,2.73674E-09
Rileyn,1,2.73674E-09
Rilpuou,1,2.73674E-09
Rima,1,2.73674E-09
Rimeet,1,2.73674E-09
Rimian,1,2.73674E-09
Rimino,1,2.73674E-09
Rimo,1,2.73674E-09
Rinald,1,2.73674E-09
Ring,M,1
Rinka,1,2.73674E-09
Rinkal,1,2.73674E-09
Rinki,1,2.73674E-09
Rinkoo,1,2.73674E-09
Riomark,1,2.73674E-09
Rios,1,2.73674E-09
Ripuri,1,2.73674E-09
Risalat,1,2.73674E-09
Rishaant,1,2.73674E-09
Rishanth,1,2.73674E-09
Rishavjot,1,2.73674E-09
Rishaw,1,2.73674E-09
Rishipal,1,2.73674E-09
Rishiraj,1,2.73674E-09
Rishivan,1,2.73674E-09
Risho,1,2.73674E-09
Rishov,1,2.73674E-09
Risiraj,1,2.73674E-09
Rissard,1,2.73674E-09
Rita-Bessie,1,2.73674E-09
Rithan,1,2.73674E-09
Rithian,1,2.73674E-09
Rithika,1,2.73674E-09
Rithish,1,2.73674E-09
Rithyabun,1,2.73674E-09
Ritthysak,1,2.73674E-09
Ritunjay,1,2.73674E-09
Rituraj,1,2.73674E-09
Riva,1,2.73674E-09
Rivaah,1,2.73674E-09
Rivadi,1,2.73674E-09
River-Lee,1,2.73674E-09
Rivin,1,2.73674E-09
Rivua,1,2.73674E-09
Rivyn,1,2.73674E-09
Riyajuddin,1,2.73674E-09
Riyajudhin,1,2.73674E-09
Riyajudin,1,2.73674E-09
Riyajul,1,2.73674E-09
Riyazuddin,1,2.73674E-09
Riylan,1,2.73674E-09
Rizan,1,2.73674E-09
Rizos,1,2.73674E-09
Rizwaan,1,2.73674E-09
Rma,1,2.73674E-09
Ro'I,1,2.73674E-09
Roahl,1,2.73674E-09
Robberto,1,2.73674E-09
Robbinson,1,2.73674E-09
Robbon,1,2.73674E-09
Roberre,1,2.73674E-09
Robert-Charles,1,2.73674E-09
Robert-Hagen,1,2.73674E-09
Robert-Joseph,1,2.73674E-09
Robert-Lee,1,2.73674E-09
Roberti,1,2.73674E-09
Roberto-Giuseppe,1,2.73674E-09
Roberto-Marco,1,2.73674E-09
Roberto-Paolo,1,2.73674E-09
Robin-Leigh,1,2.73674E-09
Robran,1,2.73674E-09
Roburt,1,2.73674E-09
Robynn,1,2.73674E-09
Rocama,1,2.73674E-09
Roccantonio,1,2.73674E-09
Roccoantonio,1,2.73674E-09
Rocie,1,2.73674E-09
Rock-Anthony,1,2.73674E-09
Rockdan,1,2.73674E-09
Roclin,1,2.73674E-09
Roco,1,2.73674E-09
Rodelaire,1,2.73674E-09
Rodeyn,1,2.73674E-09
Rodger-Leonard-Karel,1,2.73674E-09
Rodolfo-Julio,1,2.73674E-09
Roeland,1,2.73674E-09
Roelf,1,2.73674E-09
Roenn,1,2.73674E-09
Roeun,1,2.73674E-09
Rohanjit,1,2.73674E-09
Rohann,1,2.73674E-09
Rohinish,1,2.73674E-09
Rohnie,1,2.73674E-09
Rohnish,1,2.73674E-09
Rohthash,1,2.73674E-09
Roiden,1,2.73674E-09
Roji,1,2.73674E-09
Rojun,1,2.73674E-09
Rolandia,1,2.73674E-09
Rolf-Jurgen,1,2.73674E-09
Rolie,1,2.73674E-09
Rolton,1,2.73674E-09
Romail,1,2.73674E-09
Roman-Marek,1,2.73674E-09
Romantino,1,2.73674E-09
Romco,1,2.73674E-09
Romeido,1,2.73674E-09
Romeio,1,2.73674E-09
Romeo-Vamour,1,2.73674E-09
Romesh,1,2.73674E-09
Romez,1,2.73674E-09
Romildo,1,2.73674E-09
Ronald-Heinz,1,2.73674E-09
Ronaldus,1,2.73674E-09
Ronan-James,1,2.73674E-09
Ronando,1,2.73674E-09
Ronic,1,2.73674E-09
Ronnan,1,2.73674E-09
Ronnie-Lee,1,2.73674E-09
Ronordor,1,2.73674E-09
Ronveer,1,2.73674E-09
Ronwyn,1,2.73674E-09
Rookmani,1,2.73674E-09
Roopnarayan,1,2.73674E-09
Roopsingh,1,2.73674E-09
Roree,1,2.73674E-09
Ros-Ario,1,2.73674E-09
Rosareo,1,2.73674E-09
Roseanna,1,2.73674E-09
Roshanlal,1,2.73674E-09
Roshdi,1,2.73674E-09
Roshil,1,2.73674E-09
Rosi,1,2.73674E-09
Rosina,1,2.73674E-09
Rosita,1,2.73674E-09
Ross-Byron,1,2.73674E-09
Ross-Lyn,1,2.73674E-09
Ross-Paul,1,2.73674E-09
Rossiter,1,2.73674E-09
Rosslynn,1,2.73674E-09
Rostyslaw,1,2.73674E-09
Rosyth,1,2.73674E-09
Rothanak,1,2.73674E-09
Rotolfo,1,2.73674E-09
Rottanak,1,2.73674E-09
Roualyn,1,2.73674E-09
Roub,1,2.73674E-09
Rouel,1,2.73674E-09
Rouhana,1,2.73674E-09
Roun,1,2.73674E-09
Roung,1,2.73674E-09
Rouslun,1,2.73674E-09
Rowallan,1,2.73674E-09
Rowand,1,2.73674E-09
Rowena,1,2.73674E-09
Rowhan,1,2.73674E-09
Roxith,1,2.73674E-09
Roy-Avink,1,2.73674E-09
Roy-Milad,1,2.73674E-09
Royal-Mythias,1,2.73674E-09
Royalling,1,2.73674E-09
Royalpratap,1,2.73674E-09
Royceston,1,2.73674E-09
Royston-Luke,1,2.73674E-09
Rrok,1,2.73674E-09
Rsjesh,1,2.73674E-09
Ruach,1,2.73674E-09
Ruadhan,1,2.73674E-09
Ruadri,1,2.73674E-09
Ruaidhri,1,2.73674E-09
Ruaraidh,1,2.73674E-09
Ruaumoko,1,2.73674E-09
Rubael,1,2.73674E-09
Rubal,1,2.73674E-09
Rubaz,1,2.73674E-09
Rubbal,1,2.73674E-09
Rubein,1,2.73674E-09
Ruben-Lee,1,2.73674E-09
Rubine,1,2.73674E-09
Rucan,1,2.73674E-09
Ruchendra,1,2.73674E-09
Ruchit,1,2.73674E-09
Ruddyard,1,2.73674E-09
Rudmal,1,2.73674E-09
Rudraveer,1,2.73674E-09
Rudy-Lee,1,2.73674E-09
Rufheo,1,2.73674E-09
Rugiero,1,2.73674E-09
Ruhain,1,2.73674E-09
Ruhu'Llah,1,2.73674E-09
Ruian,1,2.73674E-09
Ruidi,1,2.73674E-09
Ruihang,1,2.73674E-09
Ruiming,1,2.73674E-09
Ruiqian,1,2.73674E-09
Ruize,1,2.73674E-09
Rukhsar,1,2.73674E-09
Rukshan,1,2.73674E-09
Rulei,1,2.73674E-09
Rulf,1,2.73674E-09
Rumeet,1,2.73674E-09
Rumesh,1,2.73674E-09
Rumiao,1,2.73674E-09
Rummy,1,2.73674E-09
Rumone,1,2.73674E-09
Runan,1,2.73674E-09
Runbo,1,2.73674E-09
Rung,1,2.73674E-09
Runi,1,2.73674E-09
Ruon,1,2.73674E-09
Rup,1,2.73674E-09
Rupanuga,1,2.73674E-09
Rupender,1,2.73674E-09
Rupendra,1,2.73674E-09
Ruplal,1,2.73674E-09
Rushley,1,2.73674E-09
Rusiate,1,2.73674E-09
Russian,1,2.73674E-09
Russul,1,2.73674E-09
Rutansh,1,2.73674E-09
Ruwayfi,1,2.73674E-09
Ruzdi,1,2.73674E-09
Ruzhdi,1,2.73674E-09
Ruzivo,1,2.73674E-09
Rvindra,1,2.73674E-09
Rwen,1,2.73674E-09
Ry-Le,1,2.73674E-09
Ryack,1,2.73674E-09
Ryak,1,2.73674E-09
Ryall,1,2.73674E-09
Ryan-David,1,2.73674E-09
Ryan-Lee,1,2.73674E-09
Ryan-Lloyd,1,2.73674E-09
Ryan-Philip,1,2.73674E-09
Ryanbir,1,2.73674E-09
Ryanvir,1,2.73674E-09
Ryece,1,2.73674E-09
Ryeoto,1,2.73674E-09
Ryheese,1,2.73674E-09
Ryleigh-Baden,1,2.73674E-09
Ryliegh,1,2.73674E-09
Ryliey,1,2.73674E-09
Ryllie,1,2.73674E-09
Ryln,1,2.73674E-09
Rynan,1,2.73674E-09
Ryrie,1,2.73674E-09
Rysik,1,2.73674E-09
Rysiu,1,2.73674E-09
Ryszard-Michal,1,2.73674E-09
Ryuichi-Kane,1,2.73674E-09
Ryzard,1,2.73674E-09
S-John,1,2.73674E-09
S/O,1,2.73674E-09
Saab,1,2.73674E-09
Saad-Elias,1,2.73674E-09
Saade,1,2.73674E-09
Saaden,1,2.73674E-09
Saady,1,2.73674E-09
Saah,1,2.73674E-09
Saahel,1,2.73674E-09
Saar,1,2.73674E-09
Saarav,1,2.73674E-09
Saayel,1,2.73674E-09
Sabaai,1,2.73674E-09
Sabaat,1,2.73674E-09
Sabah,1,2.73674E-09
Sabai,1,2.73674E-09
Sabana,1,2.73674E-09
Sabapathy,1,2.73674E-09
Sabarneek,1,2.73674E-09
Sabatian,1,2.73674E-09
Sabbab,1,2.73674E-09
Sabbar@;1,2.73674E-09
Sabbato,1,2.73674E-09
Sabbu,1,2.73674E-09
Saber-Angel,1,2.73674E-09
Sabi,1,2.73674E-09
Sabid,1,2.73674E-09
Sabiq,1,2.73674E-09
Sabiti,1,2.73674E-09
Sablu,1,2.73674E-09
Sabour,1,2.73674E-09
Sabrajeet,1,2.73674E-09
Sachareas,1,2.73674E-09
Sachidanand,1,2.73674E-09
Sachith,1,2.73674E-09
Sachnoor,1,2.73674E-09
Sachsev,1,2.73674E-09
Sadab(Khura);1,2.73674E-09
Sadabrij,1,2.73674E-09
Sadakathullah,1,2.73674E-09
Sadaqat,1,2.73674E-09
Saddham,1,2.73674E-09
Sadeed,1,2.73674E-09
Sadev,1,2.73674E-09
Sadhana,1,2.73674E-09
Sadhila,1,2.73674E-09
Sadhna,1,2.73674E-09
Sadhu,1,2.73674E-09
Sadik-Charles,1,2.73674E-09
Sadikur,1,2.73674E-09
Sadip,1,2.73674E-09
Sadod,1,2.73674E-09
Sadoki,1,2.73674E-09
Sadre,1,2.73674E-09
Sadur,1,2.73674E-09
Saduwisesa,1,2.73674E-09
Sae-Hun,1,2.73674E-09
Saemund,1,2.73674E-09
Saen,1,2.73674E-09
Saengpaseuth,1,2.73674E-09
Safe,1,2.73674E-09
Saffat,1,2.73674E-09
Safinn,1,2.73674E-09
Safiq,1,2.73674E-09
Safiullah,1,2.73674E-09
Sahaab,1,2.73674E-09
Sahabbudin,1,2.73674E-09
Sahabudeen,1,2.73674E-09
Sahadeb,1,2.73674E-09
Sahajad,1,2.73674E-09
Sahajaha,1,2.73674E-09
Sahajdeep,1,2.73674E-09
Sahaparp,1,2.73674E-09
Sahba,1,2.73674E-09
Sahbaj,1,2.73674E-09
Sahbuddin,1,2.73674E-09
Sahdab,1,2.73674E-09
Saheeh,1,2.73674E-09
Sahi,1,2.73674E-09
Sahibtaj,1,2.73674E-09
Sahij,1,2.73674E-09
Sahijdeep,1,2.73674E-09
Sahill,1,2.73674E-09
Sahin,1,2.73674E-09
Sahirdeep,1,2.73674E-09
Sahitya,1,2.73674E-09
Sahjad,1,2.73674E-09
Sahkir,1,2.73674E-09
Sahlesh,1,2.73674E-09
Sahna,1,2.73674E-09
Sahnabaj,1,2.73674E-09
Sahnaj,1,2.73674E-09
Sahnawaz,1,2.73674E-09
Sahnaz,1,2.73674E-09
Sahnjai,1,2.73674E-09
Sahnnon,1,2.73674E-09
Sahrik,1,2.73674E-09
Sahrukh,1,2.73674E-09
Sahun,1,2.73674E-09
Sahwaj,1,2.73674E-09
Saidas,1,2.73674E-09
Saidul,1,2.73674E-09
Saieman,1,2.73674E-09
Saifaan,1,2.73674E-09
Saihajdeep,1,2.73674E-09
Saihish,1,2.73674E-09
Saij,1,2.73674E-09
Saikrish,1,2.73674E-09
Saille,1,2.73674E-09
Sailosi,1,2.73674E-09
Saiman,1,2.73674E-09
Saimoni,1,2.73674E-09
Sainky,1,2.73674E-09
Sairitesh,1,2.73674E-09
Saisaharsh,1,2.73674E-09
Saisarath,1,2.73674E-09
Saisushanth,1,2.73674E-09
Saiwin,1,2.73674E-09
Saiya,1,2.73674E-09
Saiyaan,1,2.73674E-09
Saiyed,1,2.73674E-09
Saizad,1,2.73674E-09
Sajeeva,1,2.73674E-09
Sajiani,1,2.73674E-09
Sajid-Ur,1,2.73674E-09
Sajith,1,2.73674E-09
Sajju,1,2.73674E-09
Sajod,1,2.73674E-09
Sajruddin,1,2.73674E-09
Sakar,1,2.73674E-09
Sakcham,1,2.73674E-09
Sakchan,1,2.73674E-09
Sake,1,2.73674E-09
Sakhichander,1,2.73674E-09
Sakip,1,2.73674E-09
Sakitha,1,2.73674E-09
Sakiusa,1,2.73674E-09
Sakshum,1,2.73674E-09
Sala'Hadin,1,2.73674E-09
Salaman,1,2.73674E-09
Salatori,1,2.73674E-09
Salauddin,1,2.73674E-09
Sale,1,2.73674E-09
Salesh,1,2.73674E-09
Salieu,1,2.73674E-09
Salin,1,2.73674E-09
Sally-Ann,1,2.73674E-09
Salmam,1,2.73674E-09
Salokya,1,2.73674E-09
Salvatore-Domenico,1,2.73674E-09
Salvatory,1,2.73674E-09
Sam-Arth,1,2.73674E-09
Sam-Cruze,1,2.73674E-09
Sam-Lukas,1,2.73674E-09
Samadh,1,2.73674E-09
Samadhan,1,2.73674E-09
Samah,1,2.73674E-09
Samai,1,2.73674E-09
Samanya,1,2.73674E-09
Samarbeer,1,2.73674E-09
Samarjot,1,2.73674E-09
Samarpartap,1,2.73674E-09
Samarpit,1,2.73674E-09
Samarvir,1,2.73674E-09
Samauel,1,2.73674E-09
Samayddin,1,2.73674E-09
Sambattany,1,2.73674E-09
Sambhaav,1,2.73674E-09
Sambuth,1,2.73674E-09
Samdev,1,2.73674E-09
Same,1,2.73674E-09
Samedhan,1,2.73674E-09
Sameera,1,2.73674E-09
Sameeruddin,1,2.73674E-09
Sami-Luke,1,2.73674E-09
Samina,1,2.73674E-09
Samm-Anthony,1,2.73674E-09
Sammiuddin,1,2.73674E-09
Sammyl,1,2.73674E-09
Samneek,1,2.73674E-09
Samnoeurn,1,2.73674E-09
Samo,1,2.73674E-09
Sampat,1,2.73674E-09
Sampreetha,1,2.73674E-09
Samratth,1,2.73674E-09
Samser,1,2.73674E-09
Samsudin,1,2.73674E-09
Samsung,1,2.73674E-09
Samuel-Peter,1,2.73674E-09
Samzon,1,2.73674E-09
Sanand,1,2.73674E-09
Sanathkumar,1,2.73674E-09
Sanaullah,1,2.73674E-09
Sanavvar,1,2.73674E-09
Sanbir,1,2.73674E-09
Sandadev,1,2.73674E-09
Sandee[;1,2.73674E-09
Sandeep@Sonu,1,2.73674E-09
Sandene,1,2.73674E-09
Sandhaya,1,2.73674E-09
Sandhiran,1,2.73674E-09
Sandhosh,1,2.73674E-09
Sandina,1,2.73674E-09
Sandira,1,2.73674E-09
Sando,1,2.73674E-09
Sandra-Lee,1,2.73674E-09
Sandrino,1,2.73674E-09
Sands,1,2.73674E-09
Sang-Ha,1,2.73674E-09
Sang-Hoang,1,2.73674E-09
Sangbawi,1,2.73674E-09
Sangeet,1,2.73674E-09
Sangit,1,2.73674E-09
Sangkan,1,2.73674E-09
Saniru,1,2.73674E-09
Sanja,1,2.73674E-09
Sanjai,1,2.73674E-09
Sanjay@Ghasu,1,2.73674E-09
Sanjay@Sonu,1,2.73674E-09
Sanjivan,1,2.73674E-09
Sanjya,1,2.73674E-09
Sanka,1,2.73674E-09
Sankarlal,1,2.73674E-09
Sano,1,2.73674E-09
Sanoop,1,2.73674E-09
Sanorino,1,2.73674E-09
Sanpat,1,2.73674E-09
Sanra,1,2.73674E-09
Sansaar,1,2.73674E-09
Santha,1,2.73674E-09
Santiargo,1,2.73674E-09
Santisouk,1,2.73674E-09
Santlal@Golu,1,2.73674E-09
Santoss,1,2.73674E-09
Santrm,1,2.73674E-09
Santu,1,2.73674E-09
Sanu,1,2.73674E-09
Sanuk,1,2.73674E-09
Sanuka,1,2.73674E-09
Sanul,1,2.73674E-09
Sany@Aman,1,2.73674E-09
Saoul,1,2.73674E-09
Sapheav,1,2.73674E-09
Sapna,1,2.73674E-09
Sapol,1,2.73674E-09
Sapphiredeep,1,2.73674E-09
Saqlain,1,2.73674E-09
Sarabjeet,1,2.73674E-09
Saracen,1,2.73674E-09
Sarafraj,1,2.73674E-09
Sarah-Ann,1,2.73674E-09
Sarah-Jane,1,2.73674E-09
Sarain,1,2.73674E-09
Sarandis,1,2.73674E-09
Saranjeet,1,2.73674E-09
Saranto,1,2.73674E-09
Sarantos,1,2.73674E-09
Saravanan,1,2.73674E-09
Sarawut,1,2.73674E-09
Sarbash,1,2.73674E-09
Sardeep,1,2.73674E-09
Sarder,1,2.73674E-09
Sardhu,1,2.73674E-09
Saree,1,2.73674E-09
Sareen,1,2.73674E-09
Sarey,1,2.73674E-09
Sarfaraj,1,2.73674E-09
Sarichie,1,2.73674E-09
Sarif,1,2.73674E-09
Sarino,1,2.73674E-09
Sarip,1,2.73674E-09